index,unit,ticker,shares,close_old,cap_old,close_new,cap_new,missing_old,missing_new,retried,recovered_old,recovered_new
S&P 500,USD,MMM,529928859.0,168.08999633789062,89075739968.65256,167.47999572753906,88752483041.21965,0,0,0,0,0
S&P 500,USD,AOS,112204796.0,65.0999984741211,7304532048.389069,68.02999877929688,7633292134.911255,0,0,0,0,0
S&P 500,USD,ABT,1728577825.0,128.11000061035156,221448106215.79016,125.08000183105469,216210517516.12054,0,0,0,0,0
S&P 500,USD,ABBV,1763867537.0,236.27999877929688,416766619489.2014,226.0800018310547,398775175994.69794,0,0,0,0,0
S&P 500,USD,ACN,618613350.0,251.85000610351562,155797775973.21625,266.5899963378906,164916130711.07025,0,0,0,0,0
S&P 500,USD,ADBE,417390246.0,324.19000244140625,135313744869.75916,346.260009765625,144525550656.03662,0,0,0,0,0
S&P 500,USD,AMD,1615131171.0,203.77999877929688,329131428054.7843,217.97000122070312,352050143314.4657,0,0,0,0,0
S&P 500,USD,AES,706281552.0,13.75,9711371340.0,13.920000076293945,9831439257.725006,0,0,0,0,0
S&P 500,USD,AFL,518699820.0,110.9800033569336,57565307764.84085,109.27999877929688,56683515696.42151,0,0,0,0,0
S&P 500,USD,A,282072178.0,151.25,42663416922.5,145.49000549316406,41038682726.68875,0,0,0,0,0
S&P 500,USD,APD,221459483.0,257.3699951171875,56997026058.36487,260.69000244140625,57732273163.942566,0,0,0,0,0
S&P 500,USD,ABNB,409267895.0,114.26000213623047,46762950556.99055,124.31999969482422,50880184581.50135,0,0,0,0,0
S&P 500,USD,AKAM,140580794.0,89.01000213623047,12513096774.252975,83.48999786376953,11737090190.747025,0,0,0,0,0
S&P 500,USD,ALB,117034903.0,116.81999969482422,13672017332.743782,125.19000244140625,14651599792.299744,0,0,0,0,0
S&P 500,USD,ARE,154013051.0,50.88999938964844,7837724071.387894,45.47999954223633,7004513488.97842,0,0,0,0,0
S&P 500,USD,ALGN,67215395.0,142.55999755859375,9582226547.099915,157.2100067138672,10566932699.225235,0,0,0,0,0
S&P 500,USD,ALLE,84721686.0,162.8699951171875,13798620585.139893,159.0800018310547,13477525964.01004,0,0,0,0,0
S&P 500,USD,LNT,256285098.0,68.2699966430664,17496582780.127945,65.5,16786673919.0,0,0,0,0,0
S&P 500,USD,ALL,260109001.0,214.32000732421875,55746562999.41522,202.27000427246094,52612248743.57555,0,0,0,0,0
S&P 500,USD,GOOGL,10793207480.0,299.6600036621094,3234292592982.706,321.2699890136719,3467533648521.881,0,0,0,0,0
S&P 500,USD,GOOG,10793207480.0,299.6499938964844,3234184555505.4893,322.0899963378906,3476384157707.294,0,0,0,0,0
S&P 500,USD,MO,1674625954.0,58.189998626708984,97446481963.51123,57.9900016784668,97111561883.26407,0,0,0,0,0
S&P 500,USD,AMZN,9701477932.0,220.69000244140625,2141019188498.3289,229.52999877929688,2226780217889.3354,0,0,0,0,0
S&P 500,USD,AMCR,2294065855.0,8.5,19499559767.5,8.300000190734863,19040747034.05834,0,0,0,0,0
S&P 500,USD,AEE,269166786.0,104.52999877929688,28136003812.007263,99.86000061035156,26878995414.24637,0,0,0,0,0
S&P 500,USD,AEP,534221834.0,120.83999633789062,64555364464.18121,117.54000091552734,62792434857.4547,0,0,0,0,0
S&P 500,USD,AXP,535713042.0,352.8900146484375,189047783238.739,370.3500061035156,198401328374.43292,0,0,0,0,0
S&P 500,USD,AIG,537703725.0,75.95999908447266,40843974458.71754,77.02999877929688,41419317280.37338,0,0,0,0,0
S&P 500,USD,AMT,466620465.0,179.55999755859375,83786369556.18988,178.86000061035156,83459736654.70253,0,0,0,0,0
S&P 500,USD,AWK,193353794.0,132.74000549316406,25665783677.684113,129.5,25039316323.0,0,0,0,0,0
S&P 500,USD,AMP,92142028.0,447.55999755859375,41239085826.72388,477.05999755859375,43957275652.72388,0,0,0,0,0
S&P 500,USD,AME,228900919.0,195.02000427246094,44640258201.350235,199.8000030517578,45734404314.75017,0,0,0,0,0
S&P 500,USD,AMGN,537102160.0,337.5400085449219,181293467675.896,329.8900146484375,177184639430.10742,0,0,0,0,0
S&P 500,USD,APH,1215878817.0,131.60000610351562,160009659738.33536,139.36000061035156,169444872679.23352,0,0,0,0,0
S&P 500,USD,ADI,487793411.0,232.32000732421875,113324168816.22565,281.2900085449219,137211412748.34659,0,0,0,0,0
S&P 500,USD,AON,207889687.0,346.510009765625,72035857472.54272,345.20001220703125,71763522490.1159,0,0,0,0,0
S&P 500,USD,APA,352505769.0,23.950000762939453,8442513436.490559,27.100000381469727,9552906474.37028,0,0,0,0,0
S&P 500,USD,APO,456757740.0,130.02000427246094,59387643306.2796,138.1300048828125,63091948856.4624,0,0,0,0,0
S&P 500,USD,AAPL,14746800294.0,271.489990234375,4003608667806.3384,278.7799987792969,4111112967959.855,0,0,0,0,0
S&P 500,USD,AMAT,790657260.0,224.00999450683594,177115128469.38995,268.0,211896145680.0,0,0,0,0,0
S&P 500,USD,APTV,213985602.0,74.12999725341797,15862752088.53099,76.37000274658203,16342081012.46901,0,0,0,0,0
S&P 500,USD,ACGL,348076225.0,92.45999908447266,32183127444.8267,91.72000122070312,31925551781.897736,0,0,0,0,0
S&P 500,USD,ADM,474774064.0,58.630001068115234,27836003879.43341,59.0099983215332,28016416719.747498,0,0,0,0,0
S&P 500,USD,ANET,1040156875.0,117.43000030517578,122145622148.6807,128.58999633789062,133753768747.08176,0,0,0,0,0
S&P 500,USD,AJG,253887888.0,251.41000366210938,63829954851.845215,239.7100067138672,60859467337.04956,0,0,0,0,0
S&P 500,USD,AIZ,49642399.0,226.82000732421875,11259889304.77179,222.8699951171875,11063801222.735474,0,0,0,0,0
S&P 500,USD,T,7073072867.0,25.93000030517578,183404781599.84055,25.280000686645508,178807286934.4537,0,0,0,0,0
S&P 500,USD,ATO,160837978.0,175.16000366210938,28172380815.486267,171.2899932861328,27549936171.775177,0,0,0,0,0
S&P 500,USD,ADSK,211245280.0,290.79998779296875,61430124845.322266,306.739990234375,64797375124.25781,0,0,0,0,0
S&P 500,USD,ADP,403538734.0,253.1199951171875,102143722379.67603,261.6300048828125,105577840946.82397,0,0,0,0,0
S&P 500,USD,AZO,16584096.0,3897.8798828125,64642814173.03125,3822.659912109375,63395358957.77344,0,0,0,0,0
S&P 500,USD,AVB,132961249.0,180.67999267578125,24023437495.482727,178.02000427246094,23669762115.051743,0,0,0,0,0
S&P 500,USD,AVY,76607465.0,170.4600067138672,13058508998.232346,179.3300018310547,13738016838.722458,0,0,0,0,0
S&P 500,USD,AXON,75073050.0,521.989990234375,39187380636.364746,550.9500122070312,41361497813.91907,0,0,0,0,0
S&P 500,USD,BKR,984405625.0,48.880001068115234,48117748001.45865,49.20000076293945,48432757501.041885,0,0,0,0,0
S&P 500,USD,BALL,266749111.0,49.869998931884766,13302777880.65121,49.029998779296875,13078708586.708527,0,0,0,0,0
S&P 500,USD,BAC,7276060516.0,51.560001373291016,375153690197.1085,53.95000076293945,392543470389.3936,0,0,0,0,0
S&P 500,USD,BAX,511989301.0,18.309999465942383,9374523827.878214,18.540000915527344,9492282109.280205,0,0,0,0,0
S&P 500,USD,BDX,284656483.0,192.72000122070312,54858997751.24106,193.9600067138672,55211973353.82582,0,0,0,0,0
S&P 500,USD,BRK-B,1235294.0,504.0400085449219,622637598.3154907,504.3399963378906,623008171.4362183,0,0,0,0,0
S&P 500,USD,BBY,194433908.0,76.44999694824219,14864471673.234802,74.16999816894531,14421162600.340881,0,0,0,0,0
S&P 500,USD,TECH,153939832.0,61.529998779296875,9471917675.045166,61.68000030517578,9495008884.738708,0,0,0,0,0
S&P 500,USD,BIIB,146257764.0,175.3000030517578,25638986475.543274,181.3000030517578,26516533059.543274,0,0,0,0,0
S&P 500,USD,BLK,144011074.0,1014.719970703125,146130912790.20557,1072.1600341796875,154402918022.0935,0,0,0,0,0
S&P 500,USD,BX,743380646.0,142.6699981689453,106058115403.64938,152.14999389648438,113105360751.66461,0,0,0,0,0
S&P 500,USD,XYZ,541575355.0,61.95000076293945,33550593655.439205,61.11000061035156,33095670274.601364,0,0,0,0,0
S&P 500,USD,BK,695277997.0,106.43000030517578,73998437432.892,114.0199966430664,79275594883.93793,0,0,0,0,0
S&P 500,USD,BA,728232266.0,179.6999969482422,130863335977.8115,201.88999938964844,147022811738.2623,0,0,0,0,0
S&P 500,USD,BKNG,32139370.0,4768.0,153240516160.0,5197.0400390625,167029592720.24414,0,0,0,0,0
S&P 500,USD,BSX,1476097187.0,96.87999725341797,143004291422.33798,97.5199966430664,143948992721.07977,0,0,0,0,0
S&P 500,USD,BMY,2030113991.0,46.25,93892772083.75,52.150001525878906,105870447728.35812,0,0,0,0,0
S&P 500,USD,AVGO,405776190.0,340.20001220703125,138045064791.32263,390.239990234375,158350096422.9419,0,0,0,0,0
S&P 500,USD,BR,116082056.0,228.38999938964844,26511980698.989136,232.02000427246094,26933359129.07605,0,0,0,0,0
S&P 500,USD,BRO,294434461.0,80.31999969482422,23648975817.665733,78.37000274658203,23074829517.2584,0,0,0,0,0
S&P 500,USD,BF-B,325423169.0,28.450000762939453,9258289406.328175,30.399999618530273,9892864213.460913,0,0,0,0,0
S&P 500,USD,BLDR,107545144.0,101.62000274658203,10928737828.66156,110.01000213623047,11831041521.181213,0,0,0,0,0
S&P 500,USD,BG,159172880.0,94.58000183105469,15054571281.854248,93.62999725341797,14903356317.218628,0,0,0,0,0
S&P 500,USD,BXP,147017738.0,70.04000091552734,10297122504.11876,69.27999877929688,10185388709.174988,0,0,0,0,0
S&P 500,USD,CHRW,117583115.0,151.67999267578125,17835006021.995544,157.22000122070312,18486417483.834076,0,0,0,0,0
S&P 500,USD,CDNS,271060478.0,300.5799865722656,81475354837.5119,337.5299987792969,91491042808.45563,0,0,0,0,0
S&P 500,USD,CZR,193375947.0,21.31999969482422,4122775131.0263443,23.239999771118164,4494056964.019758,0,0,0,0,0
S&P 500,USD,CPT,104535540.0,105.2300033569336,11000275225.118866,103.87999725341797,10859151608.084564,0,0,0,0,0
S&P 500,USD,CPB,190631778.0,31.65999984741211,6035402062.391899,29.600000381469727,5642700701.520252,0,0,0,0,0
S&P 500,USD,COF,622949002.0,207.8699951171875,129492406003.99683,230.67999267578125,143701871218.74524,0,0,0,0,0
S&P 500,USD,CAH,237084213.0,209.47999572753906,49664399926.30696,198.8300018310547,47139454504.90416,0,0,0,0,0
S&P 500,USD,KMX,145683499.0,35.33000183105469,5146998286.424454,38.81999969482422,5655433386.720924,0,0,0,0,0
S&P 500,USD,CCL,1215227147.0,26.559999465942383,32276432375.318687,25.8700008392334,31437927312.749207,0,0,0,0,0
S&P 500,USD,CARR,788822103.0,52.40999984741211,41342166297.865295,54.290000915527344,42825152694.058205,0,0,0,0,0
S&P 500,USD,CAT,466575657.0,550.4299926757812,256817235465.20782,603.1699829101562,281424431058.9849,0,0,0,0,0
S&P 500,USD,CBOE,104064783.0,252.60000610351562,26286764820.96103,252.75999450683594,26303413979.435074,0,0,0,0,0
S&P 500,USD,CBRE,290602983.0,156.7899932861328,45563639753.50017,160.86000061035156,46746396022.749985,0,0,0,0,0
S&P 500,USD,CDW,129715849.0,140.1999969482422,18186161633.938644,146.25,18970942916.25,0,0,0,0,0
S&P 500,USD,COR,185647846.0,365.67999267578125,67887702965.554565,339.6600036621094,63057148052.22272,0,0,0,0,0
S&P 500,USD,CNC,489104647.0,36.5,17852319615.5,38.34000015258789,18752272240.611446,0,0,0,0,0
S&P 500,USD,CNP,649257911.0,39.560001373291016,25684643850.780056,38.43000030517578,24950981717.86779,0,0,0,0,0
S&P 500,USD,CF,154441413.0,78.54000091552734,12129828718.415337,77.87999725341797,12027896820.25399,0,0,0,0,0
S&P 500,USD,CRL,48629315.0,167.63999938964844,8152218336.919022,184.30999755859375,8962868928.926086,0,0,0,0,0
S&P 500,USD,SCHW,1671102416.0,90.51000213623047,151251483242.0199,93.81999969482422,156782828159.14,0,0,0,0,0
S&P 500,USD,CHTR,83506570.0,203.0,16951833710.0,205.10000610351562,17127198016.683655,0,0,0,0,0
S&P 500,USD,CVX,1878897543.0,149.97999572753906,281797045471.62366,150.0,281834631450.0,0,0,0,0,0
S&P 500,USD,CMG,1313035277.0,31.6299991607666,41531304709.56694,33.939998626708984,44564415498.200455,0,0,0,0,0
S&P 500,USD,CB,359902261.0,298.2900085449219,107355248509.0267,295.0,106171166995.0,0,0,0,0,0
S&P 500,USD,CHD,239476917.0,84.0199966430664,20120849762.431892,84.5199966430664,20240588220.931892,0,0,0,0,0
S&P 500,USD,CI,265792858.0,278.0899963378906,73914334907.85748,265.44000244140625,70552056876.42834,0,0,0,0,0
S&P 500,USD,CINF,153250745.0,166.02000427246094,25442689339.65782,162.3000030517578,24872596381.18416,0,0,0,0,0
S&P 500,USD,CTAS,341474154.0,185.8000030517578,63445898855.29642,186.75,63770298259.5,0,0,0,0,0
S&P 500,USD,CSCO,3943350418.0,76.0999984741211,300088960792.7248,77.97000122070312,307463036905.1202,0,0,0,0,0
S&P 500,USD,C,1781930168.0,98.69999694824219,175876502143.5807,108.87999725341797,194016551797.62262,0,0,0,0,0
S&P 500,USD,CFG,425354534.0,52.29999923706055,22246041803.680244,55.459999084472656,23590162066.216293,0,0,0,0,0
S&P 500,USD,CLX,121570525.0,103.91999816894531,12633608735.39772,104.9000015258789,12752748258.0019,0,0,0,0,0
S&P 500,USD,CME,358987904.0,273.0899963378906,98036005388.70703,270.8699951171875,97239051803.60938,0,0,0,0,0
S&P 500,USD,CMS,302207786.0,74.04000091552734,22375464752.11949,71.08999633789062,21483950400.022034,0,0,0,0,0
S&P 500,USD,KO,3868737947.0,72.94999694824219,282224421427.1987,70.0,270811656290.0,0,0,0,0,0
S&P 500,USD,CTSH,481227492.0,75.9800033569336,36563666457.608734,80.72000122070312,38844683741.6759,0,0,0,0,0
S&P 500,USD,COIN,225699962.0,240.41000366210938,54260528690.95795,269.7300109863281,60878053229.87384,0,0,0,0,0
S&P 500,USD,CL,755500488.0,80.93000030517578,61142654724.40045,78.06999969482422,58981922867.59955,0,0,0,0,0
S&P 500,USD,CMCSA,3605633613.0,27.350000381469727,98614080690.99007,27.309999465942383,98469852045.41391,0,0,0,0,0
S&P 500,USD,CAG,473989074.0,17.770000457763672,8422786061.954979,17.049999237060547,8081513350.075035,0,0,0,0,0
S&P 500,USD,COP,1232468311.0,87.37000274658203,107680759717.14532,93.69000244140625,115469959066.54584,0,0,0,0,0
S&P 500,USD,ED,360145159.0,100.16000366210938,36072140444.33096,96.5999984741211,34790021809.8621,0,0,0,0,0
S&P 500,USD,STZ,145124558.0,133.66000366210938,19397348953.742004,142.3699951171875,20661382613.843994,0,0,0,0,0
S&P 500,USD,CEG,311156467.0,338.1099853515625,105205108499.41394,359.82000732421875,111960322234.91803,0,0,0,0,0
S&P 500,USD,COO,194578743.0,75.47000122070312,14684857971.73288,81.4000015258789,15838709977.1036,0,0,0,0,0
S&P 500,USD,CPRT,887468933.0,40.72999954223633,36146609234.83896,38.720001220703125,34362798169.0961,0,0,0,0,0
S&P 500,USD,GLW,783773153.0,79.45999908447266,62278614019.81425,85.97000122070312,67380978920.16434,0,0,0,0,0
S&P 500,USD,CPAY,67398291.0,288.82000732421875,19465974900.259827,310.6400146484375,20936606103.519653,0,0,0,0,0
S&P 500,USD,CTVA,673948068.0,65.54000091552734,44170556993.737885,66.0,44480572488.0,0,0,0,0,0
S&P 500,USD,CSGP,418135089.0,67.25,28119584735.25,68.01000213623047,28437368296.122917,0,0,0,0,0
S&P 500,USD,COST,441628049.0,899.010009765625,397028036644.2639,894.6799926757812,395115779644.73956,0,0,0,0,0
S&P 500,USD,CTRA,751205548.0,25.75,19343542861.0,27.389999389648438,20575519501.22052,0,0,0,0,0
S&P 500,USD,CRWD,247550584.0,490.6700134277344,121465648375.32349,512.030029296875,126753332777.97852,0,0,0,0,0
S&P 500,USD,CCI,434590633.0,90.01000213623047,39117503804.71575,89.27999877929688,38800251183.73386,0,0,0,0,0
S&P 500,USD,CSX,1857400195.0,34.279998779296875,63671676417.26578,36.29999923706055,67423625661.41611,0,0,0,0,0
S&P 500,USD,CMI,137206655.0,472.510009765625,64831517893.95874,510.6499938964844,70064577538.30704,0,0,0,0,0
S&P 500,USD,CVS,1266880926.0,78.02999877929688,98854717109.2945,75.62999725341797,95814200953.78761,0,0,0,0,0
S&P 500,USD,DHR,628813571.0,227.38999938964844,142985917525.89264,226.25,142269070438.75,0,0,0,0,0
S&P 500,USD,DRI,115732193.0,174.72000122070312,20220728902.23465,177.72000122070312,20567925481.23465,0,0,0,0,0
S&P 500,USD,DDOG,323248296.0,157.5500030517578,50927770021.27551,151.41000366210938,48943025681.130615,0,0,0,0,0
S&P 500,USD,DVA,37219614.0,120.25,4475658583.5,117.38999938964844,4369210464.74295,0,0,0,0,0
S&P 500,USD,DAY,139465669.0,68.8499984741211,9602211097.842278,69.06999969482422,9632893715.268456,0,0,0,0,0
S&P 500,USD,DECK,143850150.0,85.12999725341797,12245962874.403763,99.69999694824219,14341859516.00418,0,0,0,0,0
S&P 500,USD,DE,269672904.0,487.239990234375,131395423111.43555,475.1099853515625,128124289469.15332,0,0,0,0,0
S&P 500,USD,DELL,316633963.0,122.51000213623047,38790827483.53312,138.91000366210938,43983624959.878204,0,0,0,0,0
S&P 500,USD,DAL,643993605.0,58.56999969482422,37718705248.31875,67.0999984741211,43211969912.84374,0,0,0,0,0
S&P 500,USD,DVN,621986769.0,35.650001525878906,22173829263.92649,37.470001220703125,23305844993.691193,0,0,0,0,0
S&P 500,USD,DXCM,387071649.0,60.22999954223633,23313325242.08266,65.48999786376953,25349321466.13575,0,0,0,0,0
S&P 500,USD,FANG,184677219.0,146.44000244140625,27044132401.232117,158.60000610351562,29289808060.58029,0,0,0,0,0
S&P 500,USD,DLR,320686179.0,157.17999267578125,50405451266.444275,164.72999572753906,52826632896.55083,0,0,0,0,0
S&P 500,USD,DG,218657282.0,101.69999694824219,22237444912.11093,132.3699951171875,28943663350.67749,0,0,0,0,0
S&P 500,USD,DLTR,175052449.0,101.81999969482422,17823840303.758232,122.44000244140625,21433422282.934143,0,0,0,0,0
S&P 500,USD,D,851974894.0,61.470001220703125,52370897774.188416,58.4900016784668,49832012980.07157,0,0,0,0,0
S&P 500,USD,DPZ,32822692.0,407.3999938964844,13371964520.466187,416.54998779296875,13672291951.932373,0,0,0,0,0
S&P 500,USD,DASH,371546583.0,189.6300048828125,70456380348.4823,225.0,83597981175.0,0,0,0,0,0
S&P 500,USD,DOV,136217838.0,183.5800018310547,25006870949.46231,191.08999633789062,26029866164.57538,0,0,0,0,0
S&P 500,USD,DOW,708983366.0,22.200000762939453,15739431266.111382,22.959999084472656,16278257434.266342,0,0,0,0,0
S&P 500,USD,DHI,259533756.0,146.7100067138672,38076199085.23517,158.6199951171875,41167243109.46533,0,0,0,0,0
S&P 500,USD,DTE,206517910.0,135.77000427246094,28038937523.039703,131.22999572753906,27101344446.960297,0,0,0,0,0
S&P 500,USD,DUK,775584869.0,122.80000305175781,95241824280.09718,116.5199966430664,90371146332.29309,0,0,0,0,0
S&P 500,USD,DD,417257525.0,38.540000915527344,16081105395.510674,40.5099983215332,16903101637.397099,0,0,0,0,0
S&P 500,USD,EMN,112909597.0,59.529998779296875,6721508171.580902,61.529998779296875,6947327365.580902,0,0,0,0,0
S&P 500,USD,ETN,387227032.0,331.7099914550781,128447075475.89526,337.6600036621094,130751081043.18774,0,0,0,0,0
S&P 500,USD,EBAY,449843960.0,80.83999633789062,36365384079.02222,82.47000122070312,37098631930.32593,0,0,0,0,0
S&P 500,USD,ECL,285362220.0,267.07000732421875,76211690185.45532,259.69000244140625,74105715608.4851,0,0,0,0,0
S&P 500,USD,EIX,383917437.0,58.58000183105469,22489884162.433823,58.09000015258789,22301763973.91115,0,0,0,0,0
S&P 500,USD,EW,572895372.0,85.12999725341797,48770581444.855865,86.19000244140625,49377853511.35034,0,0,0,0,0
S&P 500,USD,EA,223945344.0,200.69000244140625,44943591634.10156,203.9199981689453,45666934138.42383,0,0,0,0,0
S&P 500,USD,ELV,221687611.0,321.7300109863281,71323557522.56284,330.75,73323177338.25,0,0,0,0,0
S&P 500,USD,EMR,559620216.0,128.22000122070312,71754504778.65015,137.38999938964844,76886221134.67493,0,0,0,0,0
S&P 500,USD,ENPH,126746788.0,26.93000030517578,3413291039.52005,31.25,3960837125.0,0,0,0,0,0
S&P 500,USD,ETR,444448773.0,93.69999694824219,41644848673.749985,94.22000122070312,41875963934.600006,0,0,0,0,0
S&P 500,USD,EOG,540211024.0,106.97000122070312,57786373896.717285,112.16999816894531,60595469572.92407,0,0,0,0,0
S&P 500,USD,EPAM,53331776.0,180.97999572753906,9651984592.62207,203.60000610351562,10858349919.111328,0,0,0,0,0
S&P 500,USD,EQT,618774912.0,57.029998779296875,35288732476.01953,60.68000030517578,37547261848.99512,0,0,0,0,0
S&P 500,USD,EFX,121851831.0,213.72999572753906,26043391319.02281,211.50999450683594,25772880105.4579,0,0,0,0,0
S&P 500,USD,EQIX,97826717.0,754.6799926757812,73827866069.05573,741.5800170898438,72546338464.70331,0,0,0,0,0
S&P 500,USD,EQR,342469101.0,60.54999923706055,20736503804.26681,61.060001373291016,20911163777.36974,0,0,0,0,0
S&P 500,USD,ERIE,25130511.0,296.3599853515625,7447677871.83728,296.4599914550781,7450191076.321747,0,0,0,0,0
S&P 500,USD,ESS,63775439.0,261.20001220703125,16658145445.308777,255.3699951171875,16286333546.02649,0,0,0,0,0
S&P 500,USD,EL,244428747.0,89.9000015258789,21974144728.26867,105.12999725341797,25696793500.766396,0,0,0,0,0
S&P 500,USD,EG,31585130.0,311.3399963378906,9833714258.5318,309.9700012207031,9790442784.656067,0,0,0,0,0
S&P 500,USD,EVRG,229063073.0,75.8499984741211,17374433737.52749,73.27999877929688,16785741709.821991,0,0,0,0,0
S&P 500,USD,ES,374427511.0,64.55000305175781,24169296977.712082,66.73999786376953,24989291284.276543,0,0,0,0,0
S&P 500,USD,EXC,1008512205.0,45.75,46139433378.75,43.810001373291016,44182921086.03075,0,0,0,0,0
S&P 500,USD,EXE,237169384.0,114.98999786376953,27272106959.511536,122.86000061035156,29138630662.996704,0,0,0,0,0
S&P 500,USD,EXPE,115439108.0,247.49000549316406,28570025473.04596,263.42999267578125,30410123374.93872,0,0,0,0,0
S&P 500,USD,EXPD,132850928.0,143.2100067138672,19025582290.823486,151.47000122070312,20122930226.331543,0,0,0,0,0
S&P 500,USD,EXR,209723956.0,131.4600067138672,27570312663.818787,129.55999755859375,27171835227.338623,0,0,0,0,0
S&P 500,USD,XOM,4204851490.0,117.08000183105469,492304020148.51306,116.54000091552734,490033396494.25653,0,0,0,0,0
S&P 500,USD,FFIV,57454695.0,234.2899932861328,13461060105.806808,248.1199951171875,14255658642.859497,0,0,0,0,0
S&P 500,USD,FDS,37316239.0,277.0199890136719,10337344117.811554,290.6300048828125,10845218722.778198,0,0,0,0,0
S&P 500,USD,FICO,23031680.0,1788.199951171875,41185249051.40625,1798.530029296875,41423168105.15625,0,0,0,0,0
S&P 500,USD,FAST,1144419408.0,39.90999984741211,45673778398.65546,41.5,47493405432.0,0,0,0,0,0
S&P 500,USD,FRT,77933758.0,97.97000122070312,7635170366.393982,97.19999694824219,7575161039.765045,0,0,0,0,0
S&P 500,USD,FDX,217942621.0,269.42999267578125,58720278779.77057,274.2900085449219,59779483376.39267,0,0,0,0,0
S&P 500,USD,FIS,516209177.0,64.06999969482422,33073521812.85546,66.66000366210938,34410505629.23447,0,0,0,0,0
S&P 500,USD,FITB,656814344.0,42.41999816894531,27862063269.817017,45.41999816894531,29832506301.817017,0,0,0,0,0
S&P 500,USD,FSLR,101442678.0,249.91000366210938,25351540030.474182,257.6099853515625,26132646793.60327,0,0,0,0,0
S&P 500,USD,FE,546587148.0,46.88999938964844,25629471036.10968,44.90999984741211,24547228733.27742,0,0,0,0,0
S&P 500,USD,FI,533635128.0,60.84000015258789,32466361268.94626,66.27999877929688,35369335632.42993,0,0,0,0,0
S&P 500,USD,F,3875283460.0,12.829999923706055,49719886496.139336,13.029999732971191,50494942448.98767,0,0,0,0,0
S&P 500,USD,FTNT,625683204.0,78.86000061035156,49341377849.32672,86.91999816894531,54384382946.01984,0,0,0,0,0
S&P 500,USD,FTV,295502690.0,52.81999969482422,15608451995.619736,53.75,15883269587.5,0,0,0,0,0
S&P 500,USD,FOXA,353476073.0,65.69000244140625,23219844098.348694,68.4000015258789,24177763932.561684,0,0,0,0,0
S&P 500,USD,FOX,353476073.0,59.13999938964844,20904574741.475327,60.88999938964844,21523157869.225327,0,0,0,0,0
S&P 500,USD,BEN,303553928.0,21.68000030517578,6581049251.677307,23.399999618530273,7103161799.403366,0,0,0,0,0
S&P 500,USD,FCX,1425204258.0,39.869998931884766,56822892244.17762,45.20000076293945,64419233548.94456,0,0,0,0,0
S&P 500,USD,GRMN,163474968.0,192.22999572753906,31424792400.199585,203.58999633789062,33281868136.456787,0,0,0,0,0
S&P 500,USD,IT,69654632.0,234.17999267578125,16311721211.594238,229.77000427246094,16004545092.236694,0,0,0,0,0
S&P 500,USD,GE,1051122062.0,287.44000244140625,302134528067.496,283.94000244140625,298455600850.496,0,0,0,0,0
S&P 500,USD,GEHC,454068478.0,76.44999694824219,34713533757.392975,85.45999908447266,38804691714.16789,0,0,0,0,0
S&P 500,USD,GEV,270419675.0,555.8400268554688,150310079414.24713,631.3200073242188,170721351201.61285,0,0,0,0,0
S&P 500,USD,GEN,472250359.0,26.540000915527344,12533524960.218117,27.09000015258789,12793262297.369686,0,0,0,0,0
S&P 500,USD,GNRC,57452287.0,146.0399932861328,8390331607.752975,162.3300018310547,9326229853.90828,0,0,0,0,0
S&P 500,USD,GD,252920819.0,340.3399963378906,86079070612.2363,337.30999755859375,85312720839.40753,0,0,0,0,0
S&P 500,USD,GIS,531154736.0,48.33000183105469,25670709363.45337,45.93000030517578,24395937186.57556,0,0,0,0,0
S&P 500,USD,GM,929372402.0,70.33000183105469,65362762734.39169,76.05000305175781,70678774008.31949,0,0,0,0,0
S&P 500,USD,GPC,138506760.0,128.55999755859375,17806428727.44873,130.24000549316406,18039121183.240356,0,0,0,0,0
S&P 500,USD,GILD,1237577924.0,126.63999938964844,156726867540.00238,121.22000122070312,150019197457.99524,0,0,0,0,0
S&P 500,USD,GPN,234695883.0,73.48999786376953,17247799940.305504,78.8499984741211,18505770016.432503,0,0,0,0,0
S&P 500,USD,GL,78817703.0,132.4199981689453,10437040086.940475,131.3699951171875,10354281258.257935,0,0,0,0,0
S&P 500,USD,GDDY,133999648.0,127.05999755859375,17025994947.732422,128.4600067138672,17213595681.73584,0,0,0,0,0
S&P 500,USD,GS,311903636.0,774.030029296875,241422780510.88184,854.5599975585938,266540370418.6765,0,0,0,0,0
S&P 500,USD,HAL,836534769.0,25.81999969482422,21599327480.28985,28.450000762939453,23799414816.27538,0,0,0,0,0
S&P 500,USD,HIG,277142794.0,136.4499969482422,37816133395.52731,129.42999267578125,35870589797.56555,0,0,0,0,0
S&P 500,USD,HAS,139183453.0,79.19999694824219,11023329052.84581,81.0999984741211,11287777825.922905,0,0,0,0,0
S&P 500,USD,HCA,156294566.0,491.0,76740631906.0,486.70001220703125,76068567180.09265,0,0,0,0,0
S&P 500,USD,DOC,692135276.0,17.84000015258789,12347693429.451462,17.020000457763672,11780142714.354385,0,0,0,0,0
S&P 500,USD,HSIC,98009434.0,73.4000015258789,7193892605.150528,73.62000274658203,7215454800.27095,0,0,0,0,0
S&P 500,USD,HSY,90644950.0,186.0,16859960700.0,182.3000030517578,16524574661.626434,0,0,0,0,0
S&P 500,USD,HPE,1311639980.0,20.520000457763672,26914852990.021133,23.329999923706055,30600560633.32981,0,0,0,0,0
S&P 500,USD,HLT,227800409.0,274.4800109863281,62526658765.01004,272.25,62018661350.25,0,0,0,0,0
S&P 500,USD,HOLX,218634364.0,74.36000061035156,16257651440.483826,74.97000122070312,16391018535.967651,0,0,0,0,0
S&P 500,USD,HD,993878846.0,343.32000732421875,341218492688.1061,354.6099853515625,352439363021.28784,0,0,0,0,0
S&P 500,USD,HON,602279401.0,190.02000427246094,114445134351.23521,191.3300018310547,115234118896.13652,0,0,0,0,0
S&P 500,USD,HRL,290374136.0,22.690000534057617,6588589300.916519,24.34000015258789,7067706514.547577,0,0,0,0,0
S&P 500,USD,HST,639035450.0,17.420000076293945,11131997587.754536,17.260000228881836,11029752013.263607,0,0,0,0,0
S&P 500,USD,HWM,397925041.0,197.27999877929688,78502651602.73166,190.97999572753906,75995722630.0608,0,0,0,0,0
S&P 500,USD,HPQ,934989020.0,23.959999084472656,22402336063.191986,25.90999984741211,24225565365.531998,0,0,0,0,0
S&P 500,USD,HUBB,52873714.0,421.8399963378906,22304247320.130676,440.5299987792969,23292457163.876892,0,0,0,0,0
S&P 500,USD,HUM,119895411.0,227.10000610351562,27228248569.883514,257.8500061035156,30915032458.133514,0,0,0,0,0
S&P 500,USD,HBAN,1449014489.0,15.880000114440918,23010350251.14655,16.899999618530273,24488344311.34484,0,0,0,0,0
S&P 500,USD,HII,38985972.0,305.489990234375,11909824205.557617,304.5799865722656,11874346828.266724,0,0,0,0,0
S&P 500,USD,IBM,932519884.0,297.44000244140625,277368716573.6199,307.94000244140625,287160175355.6199,0,0,0,0,0
S&P 500,USD,IEX,74642852.0,170.64999389648438,12737802238.216187,177.5399932861328,13252091442.937805,0,0,0,0,0
S&P 500,USD,IDXX,78971368.0,725.9099731445312,57326103624.066895,714.0999755859375,56393451960.788086,0,0,0,0,0
S&P 500,USD,ITW,262964046.0,247.77000427246094,65154602800.923615,249.6999969482422,65662121483.69742,0,0,0,0,0
S&P 500,USD,INCY,164249463.0,102.05999755859375,16763299792.780334,102.5199966430664,16838854395.38546,0,0,0,0,0
S&P 500,USD,IR,393763069.0,78.54000091552734,30926151799.760857,79.86000061035156,31445918930.673904,0,0,0,0,0
S&P 500,USD,PODD,69923410.0,331.1700134277344,23156536628.612976,304.489990234375,21290978428.0542,0,0,0,0,0
S&P 500,USD,INTC,4756167000.0,34.5,164087761500.0,41.40999984741211,196952874744.2665,0,0,0,0,0
S&P 500,USD,ICE,565896544.0,154.42999267578125,87391399145.16992,157.82000732421875,89309796718.83008,0,0,0,0,0
S&P 500,USD,IFF,255535528.0,67.44999694824219,17235870583.767456,67.18000030517578,17166876849.023254,0,0,0,0,0
S&P 500,USD,IP,525773033.0,37.66999816894531,19805869190.390823,39.060001373291016,20536695391.019382,0,0,0,0,0
S&P 500,USD,IPG,361283432.0,25.719999313354492,9292209622.966354,,,0,1,1,0,0
S&P 500,USD,INTU,271788000.0,663.1500244140625,180236218835.44922,673.6300048828125,183084551767.08984,0,0,0,0,0
S&P 500,USD,ISRG,351869257.0,561.6099853515625,197613288269.43518,575.3400268554688,202444467771.99384,0,0,0,0,0
S&P 500,USD,IVZ,333396837.0,23.219999313354492,7741474326.21456,26.239999771118164,8748332926.57152,0,0,0,0,0
S&P 500,USD,INVH,559099298.0,28.190000534057617,15761009509.211239,27.139999389648438,15173954606.47287,0,0,0,0,0
S&P 500,USD,IQV,161735613.0,224.89999389648438,36374338376.54416,225.85000610351562,36527989183.20584,0,0,0,0,0
S&P 500,USD,IRM,292994215.0,85.0199966430664,24910367175.737877,84.30999755859375,24702341551.332092,0,0,0,0,0
S&P 500,USD,JBHT,75591941.0,166.42999267578125,12580766186.978088,188.41000366210938,14242277880.635956,0,0,0,0,0
S&P 500,USD,JBL,104521104.0,196.6999969482422,20559300837.826904,220.05999755859375,23000913891.061523,0,0,0,0,0
S&P 500,USD,JKHY,71884968.0,170.8000030517578,12277952753.775513,181.7100067138672,13062218017.906128,0,0,0,0,0
S&P 500,USD,J,117144861.0,128.77000427246094,15084744251.466843,140.22000122070312,16426052552.419098,0,0,0,0,0
S&P 500,USD,JNJ,2403777816.0,203.89999389648438,490130282010.90454,201.92999267578125,485394836779.08545,0,0,0,0,0
S&P 500,USD,JCI,607933304.0,113.55000305175781,69030828524.46521,114.2300033569336,69444223356.71173,0,0,0,0,0
S&P 500,USD,JPM,2707480411.0,298.0199890136719,806883282340.9518,315.0400085449219,852964651816.6486,0,0,0,0,0
S&P 500,USD,K,342946754.0,83.44999694824219,28618905574.709564,83.13999938964844,28512592918.241913,0,0,0,0,0
S&P 500,USD,KVUE,1911683195.0,16.639999389648438,31810407198.001175,16.93000030517578,32364797074.749413,0,0,0,0,0
S&P 500,USD,KDP,1209560142.0,27.739999771118164,33553198062.233654,28.690000534057617,34702281119.9548,0,0,0,0,0
S&P 500,USD,KEY,1086460434.0,17.81999969482422,19360724602.31859,19.260000228881836,20925228207.51106,0,0,0,0,0
S&P 500,USD,KEYS,170023856.0,172.7100067138672,29364821311.277588,210.49000549316406,35788322383.408936,0,0,0,0,0
S&P 500,USD,KMB,328393819.0,105.18000030517578,34540461982.63784,102.95999908447266,33811427303.58648,0,0,0,0,0
S&P 500,USD,KIM,660915351.0,20.360000610351562,13456236949.750717,20.1299991607666,13304225460.967764,0,0,0,0,0
S&P 500,USD,KMI,1937655062.0,26.979999542236328,52277932685.771904,27.770000457763672,53808681958.728096,0,0,0,0,0
S&P 500,USD,KKR,684211791.0,118.66999816894531,81195411985.1408,129.4199981689453,88550688738.3908,0,0,0,0,0
S&P 500,USD,KLAC,131067799.0,1097.1199951171875,143797102998.9005,1214.4599609375,159176594053.7041,0,0,0,0,0
S&P 500,USD,KHC,852113651.0,25.290000915527344,21549955013.923347,24.34000015258789,20740446395.362225,0,0,0,0,0
S&P 500,USD,KR,740138520.0,66.05999755859375,48893548824.22119,62.709999084472656,46414085911.58295,0,0,0,0,0
S&P 500,USD,LHX,186237297.0,277.7799987792969,51732996133.31955,278.5,51867087214.5,0,0,0,0,0
S&P 500,USD,LH,82386849.0,265.6400146484375,21885243775.19861,258.3900146484375,21287939119.94861,0,0,0,0,0
S&P 500,USD,LRCX,1249938255.0,142.64999389648438,178303684446.73233,158.6999969482422,198365197253.99115,0,0,0,0,0
S&P 500,USD,LW,138411851.0,57.68000030517578,7983595607.919945,59.70000076293945,8263187610.299862,0,0,0,0,0
S&P 500,USD,LVS,309991188.0,64.30999755859375,19935532543.465576,66.25,20536916205.0,0,0,0,0,0
S&P 500,USD,LDOS,126868130.0,186.49000549316406,23659638260.607452,186.82000732421875,23701504975.809937,0,0,0,0,0
S&P 500,USD,LEN,220279094.0,123.16000366210938,27129574023.726135,123.91000366210938,27294783344.226135,0,0,0,0,0
S&P 500,USD,LII,31722630.0,465.1199951171875,14754829510.704346,511.6300048828125,16230249341.795654,0,0,0,0,0
S&P 500,USD,LLY,893118436.0,1059.699951171875,946437563019.9014,1010.3099975585938,902326484894.6951,0,0,0,0,0
S&P 500,USD,LIN,465141838.0,412.739990234375,191982637673.71924,399.57000732421875,185856727616.46057,0,0,0,0,0
S&P 500,USD,LYV,156193228.0,130.6300048828125,20403522136.302246,139.3300018310547,21762402743.238342,0,0,0,0,0
S&P 500,USD,LKQ,253342354.0,29.559999465942383,7488799848.940586,29.450000762939453,7460932518.584877,0,0,0,0,0
S&P 500,USD,LMT,196826965.0,460.7799987792969,90693928692.43271,452.20001220703125,89005155975.67291,0,0,0,0,0
S&P 500,USD,L,169260385.0,106.4000015258789,18009305222.27085,102.81999969482422,17403352734.04583,0,0,0,0,0
S&P 500,USD,LOW,559762240.0,234.2899932861328,131146691451.43066,248.47000122070312,139084124456.10352,0,0,0,0,0
S&P 500,USD,LULU,109036842.0,168.17999267578125,18337815288.950317,190.00999450683594,20718089749.462738,0,0,0,0,0
S&P 500,USD,LYB,255734507.0,44.79999923706055,11456905718.490055,43.349998474121094,11086090488.23011,0,0,0,0,0
S&P 500,USD,MTB,152811670.0,188.60000610351562,28820281894.688416,195.11000061035156,29815085026.96884,0,0,0,0,0
S&P 500,USD,MPC,299667605.0,190.6199951171875,57122637401.87927,190.52999877929688,57095668414.84482,0,0,0,0,0
S&P 500,USD,MKTX,36322139.0,161.72000122070312,5874016363.418549,167.24000549316406,6074514725.883469,0,0,0,0,0
S&P 500,USD,MAR,234303319.0,295.8399963378906,69316293034.91562,292.5899963378906,68554807248.16562,0,0,0,0,0
S&P 500,USD,MMC,488773093.0,180.9199981689453,88428827090.58974,181.82000732421875,88868727349.14105,0,0,0,0,0
S&P 500,USD,MLM,59838556.0,603.1799926757812,36093419769.809326,624.3699951171875,37361398917.53955,0,0,0,0,0
S&P 500,USD,MAS,206889762.0,62.2400016784668,12876819134.137596,63.20000076293945,13075433116.244362,0,0,0,0,0
S&P 500,USD,MA,890084505.0,540.4000244140625,481001688232.57874,545.52001953125,485558916552.063,0,0,0,0,0
S&P 500,USD,MTCH,234181627.0,32.27000045776367,7557041210.489841,34.52000045776367,8083949871.239841,0,0,0,0,0
S&P 500,USD,MKC,264658656.0,68.16000366210938,18039134962.168945,63.29999923706055,16752892722.88147,0,0,0,0,0
S&P 500,USD,MCD,711036268.0,309.3500061035156,219959073845.62097,311.2300109863281,221295825501.31775,0,0,0,0,0
S&P 500,USD,MCK,123250150.0,866.030029296875,106738331015.34424,808.6199951171875,99662535691.19263,0,0,0,0,0
S&P 500,USD,MDT,1279642482.0,101.19999694824219,129499815273.24106,101.36000061035156,129704562756.55179,0,0,0,0,0
S&P 500,USD,MRK,2477877558.0,97.76000213623047,242237315363.39752,99.72000122070312,247093953108.51288,0,0,0,0,0
S&P 500,USD,META,2173047662.0,594.25,1291333573143.5,673.4199829101562,1463373719406.995,0,0,0,0,0
S&P 500,USD,MET,550299722.0,75.06999969482422,41310999962.60185,78.66000366210938,43286578147.77777,0,0,0,0,0
S&P 500,USD,MTD,20076463.0,1452.3499755859375,29158050547.901978,1414.8599853515625,28405384146.091187,0,0,0,0,0
S&P 500,USD,MGM,205332225.0,32.54999923706055,6683563767.093945,36.06999969482422,7406333293.087578,0,0,0,0,0
S&P 500,USD,MCHP,526692462.0,50.900001525878906,26808647119.468918,65.80999755859375,34661629638.34973,0,0,0,0,0
S&P 500,USD,MU,1111982202.0,207.3699951171875,230591743799.1394,237.22000122070312,263784419315.84015,0,0,0,0,0
S&P 500,USD,MSFT,7421377736.0,472.1199951171875,3503780820483.124,483.1600036621094,3585712894103.657,0,0,0,0,0
S&P 500,USD,MAA,115970636.0,133.61000061035156,15494836746.742859,131.6699981689453,15269853429.771423,0,0,0,0,0
S&P 500,USD,MRNA,364664163.0,23.719999313354492,8649833695.96499,27.700000762939453,10101197593.316677,0,0,0,0,0
S&P 500,USD,MHK,51115757.0,109.93000030517578,5619155182.609291,110.69000244140625,5658003267.124329,0,0,0,0,0
S&P 500,USD,MOH,47932042.0,141.55999755859375,6785259748.498413,151.86000061035156,7278959927.375397,0,0,0,0,0
S&P 500,USD,TAP,177573985.0,46.11000061035156,8187936556.732559,45.130001068115234,8013914132.719479,0,0,0,0,0
S&P 500,USD,MDLZ,1286693874.0,57.0,73341550818.0,54.90999984741211,70652360425.0061,0,0,0,0,0
S&P 500,USD,MPWR,46019943.0,872.3499755859375,40145496152.516235,963.280029296875,44330092041.28052,0,0,0,0,0
S&P 500,USD,MNST,696088536.0,72.04000091552734,50146218770.72809,73.73999786376953,51329567157.63446,0,0,0,0,0
S&P 500,USD,MCO,164664145.0,479.6499938964844,78981156144.21982,496.5,81755747992.5,0,0,0,0,0
S&P 500,USD,MS,1207509535.0,158.1699981689453,190991780939.93402,176.50999450683594,213137501389.802,0,0,0,0,0
S&P 500,USD,MOS,315712919.0,24.170000076293945,7630781276.316984,23.610000610351562,7453982210.285873,0,0,0,0,0
S&P 500,USD,MSI,165818825.0,368.989990234375,61185486617.42554,374.3900146484375,62080912320.736694,0,0,0,0,0
S&P 500,USD,MSCI,71175177.0,561.989990234375,39999737027.15991,538.260009765625,38310751467.09009,0,0,0,0,0
S&P 500,USD,NDAQ,507791949.0,87.66000366210938,44513044108.92966,90.22000122070312,45812990258.64322,0,0,0,0,0
S&P 500,USD,NTAP,196935365.0,107.30000305175781,21131165265.49904,117.2699966430664,23094609592.451057,0,0,0,0,0
S&P 500,USD,NFLX,4205077309.0,104.30999755859375,438631603835.488,100.23999786376953,421516940471.14575,0,0,0,0,0
S&P 500,USD,NEM,1087061619.0,83.48999786376953,90758772248.09586,89.76000213623047,97574653243.65414,0,0,0,0,0
S&P 500,USD,NWSA,496379769.0,25.690000534057617,12751996530.705397,26.040000915527344,12925729639.209251,0,0,0,0,0
S&P 500,USD,NWS,496379769.0,29.0,14395013301.0,29.59000015258789,14687877440.451542,0,0,0,0,0
S&P 500,USD,NEE,2078215378.0,83.4800033569336,173489426731.87103,83.12999725341797,172762038665.151,0,0,0,0,0
S&P 500,USD,NKE,1171341542.0,62.79999923706055,73560247943.93732,65.86000061035156,77144554671.05014,0,0,0,0,0
S&P 500,USD,NI,475191308.0,42.779998779296875,20328683576.172485,42.0,19958034936.0,0,0,0,0,0
S&P 500,USD,NDSN,50132791.0,233.47999572753906,11705003828.489609,238.92999267578125,11978227386.446472,0,0,0,0,0
S&P 500,USD,NSC,223875016.0,286.2900085449219,64093180243.63452,294.19000244140625,65861791503.60986,0,0,0,0,0
S&P 500,USD,NTRS,186169029.0,127.12999725341797,23667668145.44149,133.2100067138672,24799577603.004135,0,0,0,0,0
S&P 500,USD,NOC,142259081.0,566.7000122070312,80618222939.26105,548.969970703125,78095963528.82349,0,0,0,0,0
S&P 500,USD,NCLH,451615429.0,18.200000762939453,8219401152.355228,18.920000076293945,8544563951.135523,0,0,0,0,0
S&P 500,USD,NRG,189929984.0,159.1999969482422,30236852873.179688,163.0,30958587392.0,0,0,0,0,0
S&P 500,USD,NUE,220784526.0,152.35000610351562,33636523883.661804,159.4499969482422,35204091996.9191,0,0,0,0,0
S&P 500,USD,NVDA,23311233000.0,178.8800048828125,4169913472864.38,182.41000366210938,4252202096898.285,0,0,0,0,0
S&P 500,USD,NVR,2793291.0,7388.81982421875,20639123915.611816,7538.080078125,21056051239.50586,0,0,0,0,0
S&P 500,USD,NXPI,251216423.0,191.35000610351562,48070264074.35336,227.9499969482422,57264782856.19832,0,0,0,0,0
S&P 500,USD,ORLY,835165030.0,100.43000030517578,83875624217.77214,98.88999938964844,82589469306.95572,0,0,0,0,0
S&P 500,USD,OXY,981653824.0,41.439998626708984,40679733118.46362,42.43000030517578,41651572051.89697,0,0,0,0,0
S&P 500,USD,ODFL,191887546.0,134.27999877929688,25766659442.642273,155.14999389648438,29771351590.711365,0,0,1,1,0
S&P 500,USD,OMC,190586716.0,74.87000274658203,14269227950.38205,73.44000244140625,13996688888.3396,0,0,0,0,0
S&P 500,USD,ON,400414805.0,46.70000076293945,18699371698.992252,54.7400016784668,21918707097.782955,0,0,0,0,0
S&P 500,USD,OKE,627419370.0,70.52999877929688,44251887400.207214,76.33999633789062,47897192408.12164,0,0,0,0,0
S&P 500,USD,ORCL,1678259454.0,198.75999450683594,333570839858.08545,217.5800018310547,365155695074.3048,0,0,0,0,0
S&P 500,USD,OTIS,388831196.0,88.05999755859375,34240474170.465088,86.44999694824219,33614455707.58136,0,0,0,0,0
S&P 500,USD,PCAR,514868337.0,102.98999786376953,53026288927.75257,110.33000183105469,56805424563.96208,0,0,0,0,0
S&P 500,USD,PKG,87707153.0,197.30999755859375,17305498144.30121,198.47999572753906,17408115352.714615,0,0,0,0,0
S&P 500,USD,PLTR,2196360420.0,154.85000610351562,340106424442.52014,181.75999450683594,399210457874.2319,0,0,0,0,0
S&P 500,USD,PANW,687771720.0,182.89999389648438,125793443390.17456,198.83999633789062,136756526286.10474,0,0,0,0,0
S&P 500,USD,PSKY,883538640.0,15.890000343322754,14039429292.93892,13.369999885559082,11812911515.687027,0,0,0,0,0
S&P 500,USD,PH,125733689.0,839.5700073242188,105562234194.63104,880.0,110645646320.0,0,0,0,0,0
S&P 500,USD,PAYX,322238419.0,111.45999908447266,35916693886.72192,112.05999755859375,36110036446.42511,0,0,0,0,0
S&P 500,USD,PAYC,48316285.0,162.13999938964844,7834002420.41008,165.72000122070312,8006974809.17984,0,0,0,0,0
S&P 500,USD,PYPL,932545589.0,60.56999969482422,56484286041.13967,62.279998779296875,58078938144.558685,0,0,0,0,0
S&P 500,USD,PNR,162367110.0,104.79000091552734,17014449605.551529,104.25,16926771217.5,0,0,0,0,0
S&P 500,USD,PEP,1363128714.0,146.3300018310547,199466627215.58322,145.02000427246094,197680931928.19418,0,0,0,0,0
S&P 500,USD,PFE,5674165566.0,25.040000915527344,142081110967.4937,26.030000686645508,147698533579.1203,0,0,0,0,0
S&P 500,USD,PCG,2190965028.0,15.670000076293945,34332422155.917366,15.15999984741211,33215029490.165268,0,0,0,0,0
S&P 500,USD,PM,1551999966.0,155.24000549316406,240932483247.23044,147.80999755859375,229401111185.39758,0,0,0,0,0
S&P 500,USD,PSX,401446444.0,133.72000122070312,53681418981.72693,139.36000061035156,55945576680.863464,0,0,0,0,0
S&P 500,USD,PNW,118894458.0,89.1500015258789,10599441112.118546,88.16999816894531,10482924144.157745,0,0,0,0,0
S&P 500,USD,PNC,389154517.0,186.99000549316406,72768005271.5196,197.86000061035156,76998112971.14107,0,0,0,0,0
S&P 500,USD,POOL,32552324.0,239.97999572753906,7811906574.441467,239.52000427246094,7796932783.558533,0,0,0,0,0
S&P 500,USD,PPG,223917540.0,98.69999694824219,22100660514.657898,101.02999877929688,22622388792.86316,0,0,0,0,0
S&P 500,USD,PPL,737608728.0,36.119998931884766,26642426467.50888,33.86000061035156,24975431980.28064,0,0,0,0,0
S&P 500,USD,PFG,218175759.0,84.29000091552734,18390034925.855873,87.5199966430664,19094741695.278465,0,0,0,0,0
S&P 500,USD,PG,2331989980.0,150.9199981689453,351943923511.5988,143.4499969482422,334523955514.33136,0,0,0,0,0
S&P 500,USD,PGR,583289331.0,226.91000366210938,132354184233.27933,222.88999938964844,130009358630.57845,0,0,0,0,0
S&P 500,USD,PLD,925216553.0,125.79000091552734,116382991048.93106,127.9800033569336,118409217558.83054,0,0,0,0,0
S&P 500,USD,PRU,348796000.0,106.75,37233973000.0,111.68000030517578,38953537386.44409,0,0,0,0,0
S&P 500,USD,PEG,497501776.0,81.2699966430664,40431967665.439575,79.56999969482422,39586216164.49451,0,0,0,0,0
S&P 500,USD,PTC,118811602.0,172.1199951171875,20449852356.105225,173.52000427246094,20616189686.65793,0,0,0,0,0
S&P 500,USD,PSA,157397342.0,269.510009765625,42420159179.50342,272.05999755859375,42821520480.249146,0,0,0,0,0
S&P 500,USD,PHM,193039827.0,120.31999969482422,23226551925.72892,126.98999786376953,24514127218.35244,0,0,0,0,0
S&P 500,USD,PWR,147375705.0,430.1499938964844,63393658606.24008,460.6400146484375,67887146910.0238,0,0,0,0,0
S&P 500,USD,QCOM,1068161850.0,163.3000030517578,174430833364.77127,174.80999755859375,186725370390.68298,0,0,0,0,0
S&P 500,USD,DGX,110619405.0,191.25,21155961206.25,182.50999450683594,20189146998.89946,0,0,0,0,0
S&P 500,USD,RL,38028363.0,339.8800048828125,12925080202.125366,368.4200134277344,14010410007.094757,0,0,0,0,0
S&P 500,USD,RJF,174064298.0,152.99000549316406,26630097907.183746,163.1300048828125,28395109782.66333,0,0,0,0,0
S&P 500,USD,RTX,1247025168.0,169.67999267578125,211595221372.75488,171.10000610351562,213366013856.0376,0,0,0,0,0
S&P 500,USD,O,917863574.0,56.66999816894531,52015327057.9216,58.47999954223633,53676661387.3554,0,0,0,0,0
S&P 500,USD,REG,163726417.0,70.87000274658203,11603291622.478035,68.69999694824219,11248004348.246628,0,0,0,0,0
S&P 500,USD,REGN,98535499.0,755.9000244140625,74482986099.75183,718.3599853515625,70783959618.2489,0,0,0,0,0
S&P 500,USD,RF,871159261.0,24.90999984741211,21700577058.581646,26.280000686645508,22894065977.25759,0,0,0,0,0
S&P 500,USD,RSG,308730873.0,219.0,67612061187.0,216.52999877929688,66849495553.82126,0,0,0,0,0
S&P 500,USD,RMD,145048166.0,250.75,36370827624.5,256.54998779296875,37212105216.692505,0,0,0,0,0
S&P 500,USD,RVTY,104011928.0,98.2699966430664,10221251815.398865,100.79000091552734,10483362318.345764,0,0,0,0,0
S&P 500,USD,ROK,111919905.0,378.7300109863281,42387426850.2388,404.2900085449219,45248099348.796844,0,0,0,0,0
S&P 500,USD,ROL,304046425.0,60.310001373291016,18337040309.294224,61.400001525878906,18668450958.938026,0,0,0,0,0
S&P 500,USD,ROP,106946398.0,443.75,47457464112.5,447.55999755859375,47864929627.780396,0,0,0,0,0
S&P 500,USD,ROST,313440650.0,174.0,54538673100.0,177.8699951171875,55751686885.028076,0,0,0,0,0
S&P 500,USD,RCL,258319181.0,264.0899963378906,68219511564.296906,257.6600036621094,66558521122.453094,0,0,0,0,0
S&P 500,USD,SPGI,301921880.0,493.6000061035156,149028641810.7849,498.5199890136719,150514092300.58716,0,0,0,0,0
S&P 500,USD,CRM,911007620.0,227.11000061035156,206898941134.23492,260.57000732421875,237381262215.8191,0,0,0,0,0
S&P 500,USD,SBAC,105742438.0,195.02000427246094,20621890710.540436,189.5800018310547,20046651589.660187,0,0,0,0,0
S&P 500,USD,SLB,1489411986.0,36.189998626708984,53901817727.9439,38.459999084472656,57282783617.9626,0,0,0,0,0
S&P 500,USD,STX,212782897.0,237.49000549316406,50533811377.38136,278.7900085449219,59321745672.84323,0,0,0,0,0
S&P 500,USD,SRE,651447953.0,92.5,60258935652.5,90.66000366210938,59060273804.653656,0,0,0,0,0
S&P 500,USD,NOW,206997350.0,813.4299926757812,168377852894.40613,854.3599853515625,176850252913.81226,0,0,0,0,0
S&P 500,USD,SHW,227976703.0,337.05999755859375,76841826956.59625,333.1099853515625,75941316196.82751,0,0,0,0,0
S&P 500,USD,SPG,322738507.0,183.0800018310547,59086966452.511856,182.55999755859375,58919141049.98419,0,0,0,0,0
S&P 500,USD,SWKS,147728216.0,62.61000061035156,9249263693.926147,69.31999969482422,10240519888.036926,0,0,0,0,0
S&P 500,USD,SJM,104442010.0,105.54000091552734,11022809831.019516,100.11000061035156,10455689684.846344,0,0,0,0,0
S&P 500,USD,SW,517981972.0,33.779998779296875,17497430381.857788,36.040000915527344,18668070745.10666,0,0,0,0,0
S&P 500,USD,SNA,50753135.0,335.8999938964844,17047977736.727448,347.2099914550781,17621995569.668427,0,0,0,0,0
S&P 500,USD,SOLV,147361044.0,82.9000015258789,12216230772.455109,85.43000030517578,12589054033.891022,0,0,0,0,0
S&P 500,USD,SO,1098638368.0,89.2699966430664,98075443423.30396,86.27999877929688,94790517049.92871,0,0,0,0,0
S&P 500,USD,LUV,459807753.0,32.79999923706055,15081693947.594524,37.849998474121094,17403722749.43905,0,0,0,0,0
S&P 500,USD,SWK,154229801.0,66.1500015258789,10202301571.486,72.47000122070312,11177033866.7388,0,0,0,0,0
S&P 500,USD,SBUX,1134882655.0,85.3499984741211,96862232872.55649,85.12000274658203,96601214710.64832,0,0,0,0,0
S&P 500,USD,STT,264028460.0,114.36000061035156,30194294846.750183,123.61000061035156,32636558101.750183,0,0,0,0,0
S&P 500,USD,STLD,136313318.0,158.16000366210938,21559314874.07428,165.22000122070312,22521686566.358093,0,0,0,0,0
S&P 500,USD,STE,97748532.0,263.2900085449219,25736211825.53357,263.2799987792969,25735233385.63806,0,0,0,0,0
S&P 500,USD,SYK,345125870.0,368.2699890136719,127099500353.23395,364.0199890136719,125632715405.73395,0,0,0,0,0
S&P 500,USD,SMCI,497109802.0,32.189998626708984,16001963843.703575,34.689998626708984,17244738348.703575,0,0,0,0,0
S&P 500,USD,SYF,357437399.0,74.62000274658203,26671979695.111137,80.36000061035156,28723669601.802475,0,0,0,0,0
S&P 500,USD,SNPS,184675046.0,388.3599853515625,71720398159.35913,466.760009765625,86198926274.42725,0,0,0,0,0
S&P 500,USD,SYY,477304758.0,76.62999725341797,36575862294.58333,73.0999984741211,34890977081.49074,0,0,0,0,0
S&P 500,USD,TMUS,530015550.0,209.47999572753906,111027655149.52927,209.6300048828125,111107162334.46655,0,0,0,0,0
S&P 500,USD,TROW,214031573.0,100.30999755859375,21469506565.09198,106.58000183105469,22811485442.243515,0,0,0,0,0
S&P 500,USD,TTWO,172433758.0,235.47000122070312,40602977206.75043,247.8800048828125,42742880775.00171,0,0,0,0,0
S&P 500,USD,TPR,203655154.0,105.23999786376953,21432667971.905655,116.30000305175781,23685095031.706207,0,0,0,0,0
S&P 500,USD,TRGP,211329210.0,170.5399932861328,36040082054.56375,180.74000549316406,38195642576.26602,0,0,0,0,0
S&P 500,USD,TGT,451502336.0,87.62000274658203,39560635920.4082,92.19000244140625,41624001458.140625,0,0,0,0,0
S&P 500,USD,TEL,293150758.0,218.92999267578125,64179493301.83972,234.36000061035156,68702811823.80502,0,0,0,0,0
S&P 500,USD,TDY,46458941.0,494.8699951171875,22991135905.819702,522.2999877929688,24265504317.174255,0,0,0,0,0
S&P 500,USD,TER,155988134.0,158.91000366210938,24788074945.185608,200.77000427246094,31317738329.63321,0,0,0,0,0
S&P 500,USD,TSLA,2382317528.0,391.0899963378906,931700553301.2126,455.0,1083954475240.0,0,0,0,0,0
S&P 500,USD,TXN,906306031.0,159.39999389648438,144465175809.74698,182.5399932861328,165437096813.9217,0,0,0,0,0
S&P 500,USD,TPL,19416682.0,896.4299926757812,17405696103.047974,925.0800170898438,17961984516.38806,0,0,0,0,0
S&P 500,USD,TXT,175078608.0,81.33000183105469,14239143509.218506,83.47000122070312,14613811623.479004,0,0,0,0,0
S&P 500,USD,TMO,374780060.0,587.47998046875,220175782328.87695,572.77001953125,214662782286.12305,0,0,0,0,0
S&P 500,USD,TJX,1107057961.0,151.42999267578125,167641778925.89532,153.27999877929688,169689842910.6909,0,0,0,0,0
S&P 500,USD,TKO,65647621.0,178.1699981689453,11696436513.365616,202.22000122070312,13275261998.756256,0,0,0,0,0
S&P 500,USD,TTD,437575979.0,39.650001525878906,17349888235.037956,40.04999923706055,17524917625.10602,0,0,0,0,0
S&P 500,USD,TSCO,526427366.0,52.91999816894531,27858535244.802704,54.08000183105469,28469192917.197296,0,0,0,0,0
S&P 500,USD,TT,221087091.0,410.1000061035156,90667817368.50851,401.42999267578125,88750989320.83978,0,0,0,0,0
S&P 500,USD,TDG,56052760.0,1347.219970703125,75515397685.0293,1346.8599853515625,75495219512.51465,0,0,0,0,0
S&P 500,USD,TRV,221885642.0,290.07000732421875,64362369800.07898,280.8900146484375,62325461231.65796,0,0,0,0,0
S&P 500,USD,TRMB,236759908.0,77.02999877929688,18237615424.22644,83.5199966430664,19774186721.37271,0,0,0,0,0
S&P 500,USD,TFC,1275958648.0,45.47999954223633,58030598726.952484,47.529998779296875,60646312981.87329,0,0,0,0,0
S&P 500,USD,TYL,42816462.0,472.7699890136719,20242338269.3443,469.3299865722656,20095049535.53192,0,0,0,0,0
S&P 500,USD,TSN,275029136.0,53.66999816894531,14760813225.526611,56.91999816894531,15654657917.526611,0,0,0,0,0
S&P 500,USD,USB,1549957297.0,47.779998779296875,74056957758.62228,51.2599983215332,79450808442.66814,0,0,0,0,0
S&P 500,USD,UBER,2066090639.0,83.87000274658203,173283027567.61743,91.31999969482422,188675396522.95917,0,0,0,0,0
S&P 500,USD,UDR,298484878.0,35.59000015258789,10623076853.565178,35.20000076293945,10506667933.32589,0,0,0,0,0
S&P 500,USD,ULTA,44186054.0,515.5800170898438,22781446476.45276,601.5,26577911481.0,0,0,0,0,0
S&P 500,USD,UNP,591351748.0,226.22000122070312,133775593154.42493,235.30999755859375,139150978378.15015,0,0,0,0,0
S&P 500,USD,UAL,320720751.0,92.19999694824219,29570452263.437943,104.94999694824219,33659641838.687943,0,0,0,0,0
S&P 500,USD,UPS,738231213.0,94.66000366210938,69880969326.06345,94.87000274658203,70035997204.92258,0,0,0,0,0
S&P 500,USD,URI,63222278.0,800.0,50577822400.0,796.9099731445312,50382463863.11609,0,0,0,0,0
S&P 500,USD,UNH,897957824.0,319.9700012207031,287319566041.4199,330.9100036621094,297143226828.25977,0,0,0,0,0
S&P 500,USD,UHS,52385316.0,231.9199981689453,12149202390.799622,231.0800018310547,12105198917.200378,0,0,0,0,0
S&P 500,USD,VLO,303490591.0,173.4499969482422,52640442082.77022,174.13999938964844,52849851331.50404,0,0,0,0,0
S&P 500,USD,VTR,467619026.0,79.23999786376953,37054130621.29799,80.61000061035156,37694769971.272,0,0,0,0,0
S&P 500,USD,VLTO,247728744.0,98.9800033569336,24520191912.728943,102.16000366210938,25307969394.249756,0,0,0,0,0
S&P 500,USD,VRSN,91781343.0,251.4199981689453,23075665089.00334,249.5399932861328,22903115716.012253,0,0,0,0,0
S&P 500,USD,VRSK,139008808.0,223.16000366210938,31021206102.34546,221.24000549316406,30754309445.51819,0,0,0,0,0
S&P 500,USD,VZ,4210564658.0,41.22999954223633,173601578921.89645,41.689998626708984,175538434809.6894,0,0,0,0,0
S&P 500,USD,VRTX,252820666.0,426.760009765625,107893749891.11182,455.4800109863281,115154759727.2508,0,0,0,0,0
S&P 500,USD,VTRS,1140160032.0,10.460000038146973,11926073978.213654,10.930000305175781,12461949497.709229,0,0,0,0,0
S&P 500,USD,VICI,1064162042.0,28.81999969482422,30669149725.683517,27.729999542236328,29509212937.525276,0,0,0,0,0
S&P 500,USD,V,1747576541.0,327.9800109863281,573170173116.6293,331.239990234375,578867236374.6628,0,0,0,0,0
S&P 500,USD,VST,316012370.0,168.58999633789062,53276524301.02814,167.1699981689453,52827787314.26407,0,0,0,0,0
S&P 500,USD,VMC,131836253.0,287.8299865722656,37946426930.72781,294.8699951171875,38874555278.378296,0,0,0,0,0
S&P 500,USD,WRB,298654840.0,78.0999984741211,23324942548.28888,66.72000122070312,19926251289.368896,0,0,0,0,0
S&P 500,USD,GWW,43555668.0,952.1500244140625,41471530349.5708,975.5399780273438,42490295403.68628,0,0,1,0,1
S&P 500,USD,WAB,168933053.0,200.22000122070312,33823776077.877106,214.9499969482422,36312159226.807236,0,0,0,0,0
S&P 500,USD,WBA,,,,,,1,1,1,0,0
S&P 500,USD,WMT,4360797153.0,105.31999969482422,459279154823.1503,115.11000061035156,501971362943.44934,0,0,0,0,0
S&P 500,USD,DIS,1782503795.0,104.27999877929688,185879493566.69205,105.30000305175781,187697655053.2699,0,0,0,0,0
S&P 500,USD,WBD,2344188665.0,23.170000076293945,54314851546.8974,26.079999923706055,61136440204.3526,0,0,0,0,0
S&P 500,USD,WM,401614134.0,216.6199951171875,86997651746.07349,213.5800018310547,85776747475.09744,0,0,0,0,0
S&P 500,USD,WAT,59419243.0,393.989990234375,23410586969.303955,394.80999755859375,23459311183.76349,0,0,0,0,0
S&P 500,USD,WEC,324402946.0,111.13999938964844,36054143220.440155,105.70999908447266,34292635124.660233,0,0,0,0,0
S&P 500,USD,WFC,3131362394.0,83.11000061035156,260247530476.57193,89.83000183105469,281290289586.7158,0,0,0,0,0
S&P 500,USD,WELL,685154422.0,199.92999267578125,136982918572.23914,204.30999755859375,139983898286.0797,0,0,0,0,0
S&P 500,USD,WST,71457794.0,271.07000732421875,19370064742.952515,280.2300109863281,20024618397.678772,0,0,0,0,0
S&P 500,USD,WDC,338548668.0,139.19000244140625,47122589925.454834,168.88999938964844,57177484331.88629,0,0,0,0,0
S&P 500,USD,WY,716478165.0,21.780000686645508,15604894925.666513,21.690000534057617,15540411781.490622,0,0,0,0,0
S&P 500,USD,WSM,117974406.0,177.92999267578125,20991185195.509644,179.36000061035156,21159889532.165863,0,0,0,0,0
S&P 500,USD,WMB,1213378642.0,59.61000061035156,72329501590.20755,62.810001373291016,76212314170.34198,0,0,0,0,0
S&P 500,USD,WTW,95361789.0,315.04998779296875,30043730460.36566,320.70001220703125,30582526896.38434,0,0,0,0,0
S&P 500,USD,WDAY,211062760.0,225.13999938964844,47518669657.577515,219.9600067138672,46425366106.64734,0,0,0,0,0
S&P 500,USD,WYNN,74169148.0,119.5999984741211,8870629987.626862,125.51000213623047,9308969923.922394,0,0,0,0,0
S&P 500,USD,XEL,589842054.0,79.66999816894531,46992715362.14694,77.18000030517578,45524009907.72551,0,0,0,0,0
S&P 500,USD,XYL,242867694.0,140.38999938964844,34096195412.425323,139.00999450683594,33761036808.82791,0,0,0,0,0
S&P 500,USD,YUM,276889284.0,152.97999572753906,42358521483.32135,144.9600067138672,40137872467.63788,0,0,0,0,0
S&P 500,USD,ZBRA,50215952.0,240.9499969482422,12099533481.153076,264.80999755859375,13297686126.52246,0,0,0,0,0
S&P 500,USD,ZBH,197707901.0,92.18000030517578,18224714374.515663,94.27999877929688,18639900664.937347,0,0,0,0,0
S&P 500,USD,ZTS,439516563.0,122.05999755859375,53647390606.741516,118.6500015258789,52148640870.59905,0,0,0,0,0
